ga_rank,ga_cand_id,ga_score,ga_fit,suit_val,area_m2,dist_gs_m,dist_gl_m,x,y
1,28,0.8622377238629952,0.65,400,20202131.685376562,1753.389922255637,0.570029458343683,374615.90433480684,4302880.957352612
